"id","name","email","phone","city","country","signup_date","amount"
1,"User 1","user1@gmail.com","03100000001","Islamabad","Pakistan","2023-01-2","101"
2,"User 2","user2@gmail.com","03100000002","Islamabad","Pakistan","2023-01-3","102"
3,"User 3","user3@gmail.com","03100000003","Islamabad","Pakistan","2023-01-4","103"
4,"User 4","user4@gmail.com","03100000004","Islamabad","Pakistan","2023-01-5","104"
5,"User 5","user5@gmail.com","123-456-789","Islamabad","Pakistan","2023-01-6","105"
6,"User 6","user6@gmail.com","03100000006","karachi","Pakistan","2023-01-7","106"
7,"Sara Ahmed","user7@gmail.com","03100000007","Islamabad","Pakistan","2023-01-8","107"
8,"User 8","user8@gmail.com","03100000008","LAHORE","Pakistan","2023-01-9","108"
9,"User 9","test@test.com","03100000009","Islamabad","Pakistan","2023-01-10","109"
10,"  Ali Khan  ","user10@gmail.com","123-456-789","Islamabad","IND","2023-01-11","110"
11,"User 11","user11@gmail.com","03100000011","","Pakistan","2023-01-12","111"
12,"User 12","user12@gmail.com",NULL,"karachi","Pakistan","2023-01-13","112"
13,"User 13","user13@gmail.com","03100000013","Islamabad","Pakistan","12-05-2023","113"
14,"Sara Ahmed","user14@gmail.com","03100000014","Islamabad","Pakistan","2023-01-15","114"
15,"User 15","invalidemail.com","123-456-789","Islamabad","Pakistan","2023-01-16","115"
16,"User 16","user16@gmail.com","03100000016","LAHORE","Pakistan","2023-01-17","116"
17,"User 17","user17@gmail.com","03100000017","Islamabad","Pakistan","2023-01-18","abc"
18,"User 18","test@test.com","03100000018","karachi","Pakistan","2023-01-19","118"
19,"User 19","user19@gmail.com","03100000019","Islamabad","Pakistan","2023-01-20","119"
20,"  Ali Khan  ","user20@gmail.com","123-456-789","Islamabad","IND","2023-01-21","999999"
21,"Sara Ahmed","user21@gmail.com","03100000021","Islamabad","Pakistan","2023-01-22","121"
22,"User 22","user22@gmail.com","03100000022","","Pakistan","2023-01-23","122"
23,"User 23","user23@gmail.com","03100000023","Islamabad","Pakistan","2023-01-24","123"
24,"User 24","user24@gmail.com",NULL,"karachi","Pakistan","2023-01-25","124"
25,"User 25","user25@gmail.com","123-456-789","Islamabad","Pakistan","2023-01-26","125"
26,"User 26","user26@gmail.com","03100000026","Islamabad","Pakistan","12-05-2023","126"
27,"User 27","test@test.com","03100000027","Islamabad","Pakistan","2023-01-28","127"
28,"Sara Ahmed","user28@gmail.com","03100000028","Islamabad","Pakistan","2023-01-1","128"
29,"User 29","user29@gmail.com","03100000029","Islamabad","Pakistan","2023-01-2","129"
30,"  Ali Khan  ","invalidemail.com","123-456-789","karachi","IND","2023-01-3","130"
31,"User 31","user31@gmail.com","03100000031","Islamabad","Pakistan","2023-01-4","131"
32,"User 32","user32@gmail.com","03100000032","LAHORE","Pakistan","2023-01-5","132"
33,"User 33","user33@gmail.com","03100000033","","Pakistan","2023-01-6","133"
34,"User 34","user34@gmail.com","03100000034","Islamabad","Pakistan","2023-01-7","abc"
35,"Sara Ahmed","user35@gmail.com","123-456-789","Islamabad","Pakistan","2023-01-8","135"
36,"User 36","test@test.com",NULL,"karachi","Pakistan","2023-01-9","136"
37,"User 37","user37@gmail.com","03100000037","Islamabad","Pakistan","2023-01-10","137"
38,"User 38","user38@gmail.com","03100000038","Islamabad","Pakistan","2023-01-11","138"
39,"User 39","user39@gmail.com","03100000039","Islamabad","Pakistan","12-05-2023","139"
40,"  Ali Khan  ","user40@gmail.com","123-456-789","LAHORE","IND","2023-01-13","999999"
41,"User 41","user41@gmail.com","03100000041","Islamabad","Pakistan","2023-01-14","141"
42,"Sara Ahmed","user42@gmail.com","03100000042","karachi","Pakistan","2023-01-15","142"
43,"User 43","user43@gmail.com","03100000043","Islamabad","Pakistan","2023-01-16","143"
44,"User 44","user44@gmail.com","03100000044","","Pakistan","2023-01-17","144"
45,"User 45","invalidemail.com","123-456-789","Islamabad","Pakistan","2023-01-18","145"
46,"User 46","user46@gmail.com","03100000046","Islamabad","Pakistan","2023-01-19","146"
47,"User 47","user47@gmail.com","03100000047","Islamabad","Pakistan","2023-01-20","147"
48,"User 48","user48@gmail.com",NULL,"karachi","Pakistan","2023-01-21","148"
49,"Sara Ahmed","user49@gmail.com","03100000049","Islamabad","Pakistan","2023-01-22","149"
50,"  Ali Khan  ","user50@gmail.com","123-456-789","Islamabad","IND","2023-01-23","150"
51,"User 51","user51@gmail.com","03100000051","Islamabad","Pakistan","2023-01-24","abc"
52,"User 52","user52@gmail.com","03100000052","Islamabad","Pakistan","12-05-2023","152"
53,"User 53","user53@gmail.com","03100000053","Islamabad","Pakistan","2023-01-26","153"
54,"User 54","test@test.com","03100000054","karachi","Pakistan","2023-01-27","154"
55,"User 55","user55@gmail.com","123-456-789","","Pakistan","2023-01-28","155"
56,"Sara Ahmed","user56@gmail.com","03100000056","LAHORE","Pakistan","2023-01-1","156"
57,"User 57","user57@gmail.com","03100000057","Islamabad","Pakistan","2023-01-2","157"
58,"User 58","user58@gmail.com","03100000058","Islamabad","Pakistan","2023-01-3","158"
59,"User 59","user59@gmail.com","03100000059","Islamabad","Pakistan","2023-01-4","159"
60,"  Ali Khan  ","invalidemail.com",NULL,"karachi","IND","2023-01-5","999999"
61,"User 61","user61@gmail.com","03100000061","Islamabad","Pakistan","2023-01-6","161"
62,"User 62","user62@gmail.com","03100000062","Islamabad","Pakistan","2023-01-7","162"
63,"Sara Ahmed","test@test.com","03100000063","Islamabad","Pakistan","2023-01-8","163"
64,"User 64","user64@gmail.com","03100000064","LAHORE","Pakistan","2023-01-9","164"
65,"User 65","user65@gmail.com","123-456-789","Islamabad","Pakistan","12-05-2023","165"
66,"User 66","user66@gmail.com","03100000066","karachi","Pakistan","2023-01-11","166"
67,"User 67","user67@gmail.com","03100000067","Islamabad","Pakistan","2023-01-12","167"
68,"User 68","user68@gmail.com","03100000068","Islamabad","Pakistan","2023-01-13","abc"
69,"User 69","user69@gmail.com","03100000069","Islamabad","Pakistan","2023-01-14","169"
70,"  Ali Khan  ","user70@gmail.com","123-456-789","Islamabad","IND","2023-01-15","170"
71,"User 71","user71@gmail.com","03100000071","Islamabad","Pakistan","2023-01-16","171"
72,"User 72","test@test.com",NULL,"karachi","Pakistan","2023-01-17","172"
73,"User 73","user73@gmail.com","03100000073","Islamabad","Pakistan","2023-01-18","173"
74,"User 74","user74@gmail.com","03100000074","Islamabad","Pakistan","2023-01-19","174"
75,"User 75","invalidemail.com","123-456-789","Islamabad","Pakistan","2023-01-20","175"
76,"User 76","user76@gmail.com","03100000076","Islamabad","Pakistan","2023-01-21","176"
77,"Sara Ahmed","user77@gmail.com","03100000077","","Pakistan","2023-01-22","177"
78,"User 78","user78@gmail.com","03100000078","karachi","Pakistan","12-05-2023","178"
79,"User 79","user79@gmail.com","03100000079","Islamabad","Pakistan","2023-01-24","179"
80,"  Ali Khan  ","user80@gmail.com","123-456-789","LAHORE","IND","2023-01-25","999999"
81,"User 81","test@test.com","03100000081","Islamabad","Pakistan","2023-01-26","181"
82,"User 82","user82@gmail.com","03100000082","Islamabad","Pakistan","2023-01-27","182"
83,"User 83","user83@gmail.com","03100000083","Islamabad","Pakistan","2023-01-28","183"
84,"Sara Ahmed","user84@gmail.com",NULL,"karachi","Pakistan","2023-01-1","184"
85,"User 85","user85@gmail.com","123-456-789","Islamabad","Pakistan","2023-01-2","abc"
86,"User 86","user86@gmail.com","03100000086","Islamabad","Pakistan","2023-01-3","186"
87,"User 87","user87@gmail.com","03100000087","Islamabad","Pakistan","2023-01-4","187"
88,"User 88","user88@gmail.com","03100000088","LAHORE","Pakistan","2023-01-5","188"
89,"User 89","user89@gmail.com","03100000089","Islamabad","Pakistan","2023-01-6","189"
90,"  Ali Khan  ","invalidemail.com","123-456-789","karachi","IND","2023-01-7","190"
91,"Sara Ahmed","user91@gmail.com","03100000091","Islamabad","Pakistan","12-05-2023","191"
92,"User 92","user92@gmail.com","03100000092","Islamabad","Pakistan","2023-01-9","192"
93,"User 93","user93@gmail.com","03100000093","Islamabad","Pakistan","2023-01-10","193"
94,"User 94","user94@gmail.com","03100000094","Islamabad","Pakistan","2023-01-11","194"
95,"User 95","user95@gmail.com","123-456-789","Islamabad","Pakistan","2023-01-12","195"
96,"User 96","user96@gmail.com",NULL,"karachi","Pakistan","2023-01-13","196"
97,"User 97","user97@gmail.com","03100000097","Islamabad","Pakistan","2023-01-14","197"
98,"Sara Ahmed","user98@gmail.com","03100000098","Islamabad","Pakistan","2023-01-15","198"
99,"User 99","test@test.com","03100000099","","Pakistan","2023-01-16","199"
100,"  Ali Khan  ","user100@gmail.com","123-456-789","Islamabad","IND","2023-01-17","999999"
101,"User 101","user101@gmail.com","03100000101","Islamabad","Pakistan","2023-01-18","201"
102,"User 102","user102@gmail.com","03100000102","karachi","Pakistan","2023-01-19","abc"
103,"User 103","user103@gmail.com","03100000103","Islamabad","Pakistan","2023-01-20","203"
104,"User 104","user104@gmail.com","03100000104","LAHORE","Pakistan","12-05-2023","204"
105,"Sara Ahmed","invalidemail.com","123-456-789","Islamabad","Pakistan","2023-01-22","205"
106,"User 106","user106@gmail.com","03100000106","Islamabad","Pakistan","2023-01-23","206"
107,"User 107","user107@gmail.com","03100000107","Islamabad","Pakistan","2023-01-24","207"
108,"User 108","test@test.com",NULL,"karachi","Pakistan","2023-01-25","208"
109,"User 109","user109@gmail.com","03100000109","Islamabad","Pakistan","2023-01-26","209"
110,"  Ali Khan  ","user110@gmail.com","123-456-789","","IND","2023-01-27","210"
111,"User 111","user111@gmail.com","03100000111","Islamabad","Pakistan","2023-01-28","211"
112,"Sara Ahmed","user112@gmail.com","03100000112","LAHORE","Pakistan","2023-01-1","212"
113,"User 113","user113@gmail.com","03100000113","Islamabad","Pakistan","2023-01-2","213"
114,"User 114","user114@gmail.com","03100000114","karachi","Pakistan","2023-01-3","214"
115,"User 115","user115@gmail.com","123-456-789","Islamabad","Pakistan","2023-01-4","215"
116,"User 116","user116@gmail.com","03100000116","Islamabad","Pakistan","2023-01-5","216"
117,"User 117","test@test.com","03100000117","Islamabad","Pakistan","12-05-2023","217"
118,"User 118","user118@gmail.com","03100000118","Islamabad","Pakistan","2023-01-7","218"
119,"Sara Ahmed","user119@gmail.com","03100000119","Islamabad","Pakistan","2023-01-8","abc"
120,"  Ali Khan  ","invalidemail.com",NULL,"karachi","IND","2023-01-9","999999"
121,"User 121","user121@gmail.com","03100000121","","Pakistan","2023-01-10","221"
122,"User 122","user122@gmail.com","03100000122","Islamabad","Pakistan","2023-01-11","222"
123,"User 123","user123@gmail.com","03100000123","Islamabad","Pakistan","2023-01-12","223"
124,"User 124","user124@gmail.com","03100000124","Islamabad","Pakistan","2023-01-13","224"
125,"User 125","user125@gmail.com","123-456-789","Islamabad","Pakistan","2023-01-14","225"
126,"Sara Ahmed","test@test.com","03100000126","karachi","Pakistan","2023-01-15","226"
127,"User 127","user127@gmail.com","03100000127","Islamabad","Pakistan","2023-01-16","227"
128,"User 128","user128@gmail.com","03100000128","LAHORE","Pakistan","2023-01-17","228"
129,"User 129","user129@gmail.com","03100000129","Islamabad","Pakistan","2023-01-18","229"
130,"  Ali Khan  ","user130@gmail.com","123-456-789","Islamabad","IND","12-05-2023","230"
131,"User 131","user131@gmail.com","03100000131","Islamabad","Pakistan","2023-01-20","231"
132,"User 132","user132@gmail.com",NULL,"karachi","Pakistan","2023-01-21","232"
133,"Sara Ahmed","user133@gmail.com","03100000133","Islamabad","Pakistan","2023-01-22","233"
134,"User 134","user134@gmail.com","03100000134","Islamabad","Pakistan","2023-01-23","234"
135,"User 135","invalidemail.com","123-456-789","Islamabad","Pakistan","2023-01-24","235"
136,"User 136","user136@gmail.com","03100000136","LAHORE","Pakistan","2023-01-25","abc"
137,"User 137","user137@gmail.com","03100000137","Islamabad","Pakistan","2023-01-26","237"
138,"User 138","user138@gmail.com","03100000138","karachi","Pakistan","2023-01-27","238"
139,"User 139","user139@gmail.com","03100000139","Islamabad","Pakistan","2023-01-28","239"
140,"  Ali Khan  ","user140@gmail.com","123-456-789","Islamabad","IND","2023-01-1","999999"
141,"User 141","user141@gmail.com","03100000141","Islamabad","Pakistan","2023-01-2","241"
142,"User 142","user142@gmail.com","03100000142","Islamabad","Pakistan","2023-01-3","242"
143,"User 143","user143@gmail.com","03100000143","","Pakistan","12-05-2023","243"
144,"User 144","test@test.com",NULL,"karachi","Pakistan","2023-01-5","244"
145,"User 145","user145@gmail.com","123-456-789","Islamabad","Pakistan","2023-01-6","245"
146,"User 146","user146@gmail.com","03100000146","Islamabad","Pakistan","2023-01-7","246"
147,"Sara Ahmed","user147@gmail.com","03100000147","Islamabad","Pakistan","2023-01-8","247"
148,"User 148","user148@gmail.com","03100000148","Islamabad","Pakistan","2023-01-9","248"
149,"User 149","user149@gmail.com","03100000149","Islamabad","Pakistan","2023-01-10","249"
150,"  Ali Khan  ","invalidemail.com","123-456-789","karachi","IND","2023-01-11","250"
151,"User 151","user151@gmail.com","03100000151","Islamabad","Pakistan","2023-01-12","251"
152,"User 152","user152@gmail.com","03100000152","LAHORE","Pakistan","2023-01-13","252"
153,"User 153","test@test.com","03100000153","Islamabad","Pakistan","2023-01-14","abc"
154,"Sara Ahmed","user154@gmail.com","03100000154","","Pakistan","2023-01-15","254"
155,"User 155","user155@gmail.com","123-456-789","Islamabad","Pakistan","2023-01-16","255"
156,"User 156","user156@gmail.com",NULL,"karachi","Pakistan","12-05-2023","256"
157,"User 157","user157@gmail.com","03100000157","Islamabad","Pakistan","2023-01-18","257"
158,"User 158","user158@gmail.com","03100000158","Islamabad","Pakistan","2023-01-19","258"
159,"User 159","user159@gmail.com","03100000159","Islamabad","Pakistan","2023-01-20","259"
160,"  Ali Khan  ","user160@gmail.com","123-456-789","LAHORE","IND","2023-01-21","999999"
161,"Sara Ahmed","user161@gmail.com","03100000161","Islamabad","Pakistan","2023-01-22","261"
162,"User 162","test@test.com","03100000162","karachi","Pakistan","2023-01-23","262"
163,"User 163","user163@gmail.com","03100000163","Islamabad","Pakistan","2023-01-24","263"
164,"User 164","user164@gmail.com","03100000164","Islamabad","Pakistan","2023-01-25","264"
165,"User 165","invalidemail.com","123-456-789","","Pakistan","2023-01-26","265"
166,"User 166","user166@gmail.com","03100000166","Islamabad","Pakistan","2023-01-27","266"
167,"User 167","user167@gmail.com","03100000167","Islamabad","Pakistan","2023-01-28","267"
168,"Sara Ahmed","user168@gmail.com",NULL,"karachi","Pakistan","2023-01-1","268"
169,"User 169","user169@gmail.com","03100000169","Islamabad","Pakistan","12-05-2023","269"
170,"  Ali Khan  ","user170@gmail.com","123-456-789","Islamabad","IND","2023-01-3","abc"
171,"User 171","test@test.com","03100000171","Islamabad","Pakistan","2023-01-4","271"
172,"User 172","user172@gmail.com","03100000172","Islamabad","Pakistan","2023-01-5","272"
173,"User 173","user173@gmail.com","03100000173","Islamabad","Pakistan","2023-01-6","273"
174,"User 174","user174@gmail.com","03100000174","karachi","Pakistan","2023-01-7","274"
175,"Sara Ahmed","user175@gmail.com","123-456-789","Islamabad","Pakistan","2023-01-8","275"
176,"User 176","user176@gmail.com","03100000176","LAHORE","Pakistan","2023-01-9","276"
177,"User 177","user177@gmail.com","03100000177","Islamabad","Pakistan","2023-01-10","277"
178,"User 178","user178@gmail.com","03100000178","Islamabad","Pakistan","2023-01-11","278"
179,"User 179","user179@gmail.com","03100000179","Islamabad","Pakistan","2023-01-12","279"
180,"  Ali Khan  ","invalidemail.com",NULL,"karachi","IND","2023-01-13","999999"
181,"User 181","user181@gmail.com","03100000181","Islamabad","Pakistan","2023-01-14","281"
182,"Sara Ahmed","user182@gmail.com","03100000182","Islamabad","Pakistan","12-05-2023","282"
183,"User 183","user183@gmail.com","03100000183","Islamabad","Pakistan","2023-01-16","283"
184,"User 184","user184@gmail.com","03100000184","LAHORE","Pakistan","2023-01-17","284"
185,"User 185","user185@gmail.com","123-456-789","Islamabad","Pakistan","2023-01-18","285"
186,"User 186","user186@gmail.com","03100000186","karachi","Pakistan","2023-01-19","286"
187,"User 187","user187@gmail.com","03100000187","","Pakistan","2023-01-20","abc"
188,"User 188","user188@gmail.com","03100000188","Islamabad","Pakistan","2023-01-21","288"
189,"Sara Ahmed","test@test.com","03100000189","Islamabad","Pakistan","2023-01-22","289"
190,"  Ali Khan  ","user190@gmail.com","123-456-789","Islamabad","IND","2023-01-23","290"
191,"User 191","user191@gmail.com","03100000191","Islamabad","Pakistan","2023-01-24","291"
192,"User 192","user192@gmail.com",NULL,"karachi","Pakistan","2023-01-25","292"
193,"User 193","user193@gmail.com","03100000193","Islamabad","Pakistan","2023-01-26","293"
194,"User 194","user194@gmail.com","03100000194","Islamabad","Pakistan","2023-01-27","294"
195,"User 195","invalidemail.com","123-456-789","Islamabad","Pakistan","12-05-2023","295"
196,"Sara Ahmed","user196@gmail.com","03100000196","Islamabad","Pakistan","2023-01-1","296"
197,"User 197","user197@gmail.com","03100000197","Islamabad","Pakistan","2023-01-2","297"
198,"User 198","test@test.com","03100000198","karachi","Pakistan","2023-01-3","298"
199,"User 199","user199@gmail.com","03100000199","Islamabad","Pakistan","2023-01-4","299"
200,"  Ali Khan  ","user200@gmail.com","123-456-789","LAHORE","IND","2023-01-5","999999"
201,"User 201","user201@gmail.com","03100000201","Islamabad","Pakistan","2023-01-6","301"
202,"User 202","user202@gmail.com","03100000202","Islamabad","Pakistan","2023-01-7","302"
203,"Sara Ahmed","user203@gmail.com","03100000203","Islamabad","Pakistan","2023-01-8","303"
204,"User 204","user204@gmail.com",NULL,"karachi","Pakistan","2023-01-9","abc"
205,"User 205","user205@gmail.com","123-456-789","Islamabad","Pakistan","2023-01-10","305"
206,"User 206","user206@gmail.com","03100000206","Islamabad","Pakistan","2023-01-11","306"
207,"User 207","test@test.com","03100000207","Islamabad","Pakistan","2023-01-12","307"
208,"User 208","user208@gmail.com","03100000208","LAHORE","Pakistan","12-05-2023","308"
209,"User 209","user209@gmail.com","03100000209","","Pakistan","2023-01-14","309"
210,"  Ali Khan  ","invalidemail.com","123-456-789","karachi","IND","2023-01-15","310"
211,"User 211","user211@gmail.com","03100000211","Islamabad","Pakistan","2023-01-16","311"
212,"User 212","user212@gmail.com","03100000212","Islamabad","Pakistan","2023-01-17","312"
213,"User 213","user213@gmail.com","03100000213","Islamabad","Pakistan","2023-01-18","313"
214,"User 214","user214@gmail.com","03100000214","Islamabad","Pakistan","2023-01-19","314"
215,"User 215","user215@gmail.com","123-456-789","Islamabad","Pakistan","2023-01-20","315"
216,"User 216","test@test.com",NULL,"karachi","Pakistan","2023-01-21","316"
217,"Sara Ahmed","user217@gmail.com","03100000217","Islamabad","Pakistan","2023-01-22","317"
218,"User 218","user218@gmail.com","03100000218","Islamabad","Pakistan","2023-01-23","318"
219,"User 219","user219@gmail.com","03100000219","Islamabad","Pakistan","2023-01-24","319"
220,"  Ali Khan  ","user220@gmail.com","123-456-789","","IND","2023-01-25","999999"
221,"User 221","user221@gmail.com","03100000221","Islamabad","Pakistan","12-05-2023","abc"
222,"User 222","user222@gmail.com","03100000222","karachi","Pakistan","2023-01-27","322"
223,"User 223","user223@gmail.com","03100000223","Islamabad","Pakistan","2023-01-28","323"
224,"Sara Ahmed","user224@gmail.com","03100000224","LAHORE","Pakistan","2023-01-1","324"
225,"User 225","invalidemail.com","123-456-789","Islamabad","Pakistan","2023-01-2","325"
226,"User 226","user226@gmail.com","03100000226","Islamabad","Pakistan","2023-01-3","326"
227,"User 227","user227@gmail.com","03100000227","Islamabad","Pakistan","2023-01-4","327"
228,"User 228","user228@gmail.com",NULL,"karachi","Pakistan","2023-01-5","328"
229,"User 229","user229@gmail.com","03100000229","Islamabad","Pakistan","2023-01-6","329"
230,"  Ali Khan  ","user230@gmail.com","123-456-789","Islamabad","IND","2023-01-7","330"
231,"Sara Ahmed","user231@gmail.com","03100000231","","Pakistan","2023-01-8","331"
232,"User 232","user232@gmail.com","03100000232","LAHORE","Pakistan","2023-01-9","332"
233,"User 233","user233@gmail.com","03100000233","Islamabad","Pakistan","2023-01-10","333"
234,"User 234","test@test.com","03100000234","karachi","Pakistan","12-05-2023","334"
235,"User 235","user235@gmail.com","123-456-789","Islamabad","Pakistan","2023-01-12","335"
236,"User 236","user236@gmail.com","03100000236","Islamabad","Pakistan","2023-01-13","336"
237,"User 237","user237@gmail.com","03100000237","Islamabad","Pakistan","2023-01-14","337"
238,"Sara Ahmed","user238@gmail.com","03100000238","Islamabad","Pakistan","2023-01-15","abc"
239,"User 239","user239@gmail.com","03100000239","Islamabad","Pakistan","2023-01-16","339"
240,"  Ali Khan  ","invalidemail.com",NULL,"karachi","IND","2023-01-17","999999"
241,"User 241","user241@gmail.com","03100000241","Islamabad","Pakistan","2023-01-18","341"
242,"User 242","user242@gmail.com","03100000242","","Pakistan","2023-01-19","342"
243,"User 243","test@test.com","03100000243","Islamabad","Pakistan","2023-01-20","343"
244,"User 244","user244@gmail.com","03100000244","Islamabad","Pakistan","2023-01-21","344"
245,"Sara Ahmed","user245@gmail.com","123-456-789","Islamabad","Pakistan","2023-01-22","345"
246,"User 246","user246@gmail.com","03100000246","karachi","Pakistan","2023-01-23","346"
247,"User 247","user247@gmail.com","03100000247","Islamabad","Pakistan","12-05-2023","347"
248,"User 248","user248@gmail.com","03100000248","LAHORE","Pakistan","2023-01-25","348"
249,"User 249","user249@gmail.com","03100000249","Islamabad","Pakistan","2023-01-26","349"
250,"  Ali Khan  ","user250@gmail.com","123-456-789","Islamabad","IND","2023-01-27","350"
251,"User 251","user251@gmail.com","03100000251","Islamabad","Pakistan","2023-01-28","351"
252,"Sara Ahmed","test@test.com",NULL,"karachi","Pakistan","2023-01-1","352"
253,"User 253","user253@gmail.com","03100000253","","Pakistan","2023-01-2","353"
254,"User 254","user254@gmail.com","03100000254","Islamabad","Pakistan","2023-01-3","354"
255,"User 255","invalidemail.com","123-456-789","Islamabad","Pakistan","2023-01-4","abc"
256,"User 256","user256@gmail.com","03100000256","LAHORE","Pakistan","2023-01-5","356"
257,"User 257","user257@gmail.com","03100000257","Islamabad","Pakistan","2023-01-6","357"
258,"User 258","user258@gmail.com","03100000258","karachi","Pakistan","2023-01-7","358"
259,"Sara Ahmed","user259@gmail.com","03100000259","Islamabad","Pakistan","2023-01-8","359"
260,"  Ali Khan  ","user260@gmail.com","123-456-789","Islamabad","IND","12-05-2023","999999"
261,"User 261","test@test.com","03100000261","Islamabad","Pakistan","2023-01-10","361"
262,"User 262","user262@gmail.com","03100000262","Islamabad","Pakistan","2023-01-11","362"
263,"User 263","user263@gmail.com","03100000263","Islamabad","Pakistan","2023-01-12","363"
264,"User 264","user264@gmail.com",NULL,"karachi","Pakistan","2023-01-13","364"
265,"User 265","user265@gmail.com","123-456-789","Islamabad","Pakistan","2023-01-14","365"
266,"Sara Ahmed","user266@gmail.com","03100000266","Islamabad","Pakistan","2023-01-15","366"
267,"User 267","user267@gmail.com","03100000267","Islamabad","Pakistan","2023-01-16","367"
268,"User 268","user268@gmail.com","03100000268","Islamabad","Pakistan","2023-01-17","368"
269,"User 269","user269@gmail.com","03100000269","Islamabad","Pakistan","2023-01-18","369"
270,"  Ali Khan  ","invalidemail.com","123-456-789","karachi","IND","2023-01-19","370"
271,"User 271","user271@gmail.com","03100000271","Islamabad","Pakistan","2023-01-20","371"
272,"User 272","user272@gmail.com","03100000272","LAHORE","Pakistan","2023-01-21","abc"
273,"Sara Ahmed","user273@gmail.com","03100000273","Islamabad","Pakistan","12-05-2023","373"
274,"User 274","user274@gmail.com","03100000274","Islamabad","Pakistan","2023-01-23","374"
275,"User 275","user275@gmail.com","123-456-789","","Pakistan","2023-01-24","375"
276,"User 276","user276@gmail.com",NULL,"karachi","Pakistan","2023-01-25","376"
277,"User 277","user277@gmail.com","03100000277","Islamabad","Pakistan","2023-01-26","377"
278,"User 278","user278@gmail.com","03100000278","Islamabad","Pakistan","2023-01-27","378"
279,"User 279","test@test.com","03100000279","Islamabad","Pakistan","2023-01-28","379"
280,"  Ali Khan  ","user280@gmail.com","123-456-789","LAHORE","IND","2023-01-1","999999"
281,"User 281","user281@gmail.com","03100000281","Islamabad","Pakistan","2023-01-2","381"
282,"User 282","user282@gmail.com","03100000282","karachi","Pakistan","2023-01-3","382"
283,"User 283","user283@gmail.com","03100000283","Islamabad","Pakistan","2023-01-4","383"
284,"User 284","user284@gmail.com","03100000284","Islamabad","Pakistan","2023-01-5","384"
285,"User 285","invalidemail.com","123-456-789","Islamabad","Pakistan","2023-01-6","385"
286,"User 286","user286@gmail.com","03100000286","","Pakistan","12-05-2023","386"
287,"Sara Ahmed","user287@gmail.com","03100000287","Islamabad","Pakistan","2023-01-8","387"
288,"User 288","test@test.com",NULL,"karachi","Pakistan","2023-01-9","388"
289,"User 289","user289@gmail.com","03100000289","Islamabad","Pakistan","2023-01-10","abc"
290,"  Ali Khan  ","user290@gmail.com","123-456-789","Islamabad","IND","2023-01-11","390"
291,"User 291","user291@gmail.com","03100000291","Islamabad","Pakistan","2023-01-12","391"
292,"User 292","user292@gmail.com","03100000292","Islamabad","Pakistan","2023-01-13","392"
293,"User 293","user293@gmail.com","03100000293","Islamabad","Pakistan","2023-01-14","393"
294,"Sara Ahmed","user294@gmail.com","03100000294","karachi","Pakistan","2023-01-15","394"
295,"User 295","user295@gmail.com","123-456-789","Islamabad","Pakistan","2023-01-16","395"
296,"User 296","user296@gmail.com","03100000296","LAHORE","Pakistan","2023-01-17","396"
297,"User 297","test@test.com","03100000297","","Pakistan","2023-01-18","397"
298,"User 298","user298@gmail.com","03100000298","Islamabad","Pakistan","2023-01-19","398"
299,"User 299","user299@gmail.com","03100000299","Islamabad","Pakistan","12-05-2023","399"
300,"  Ali Khan  ","invalidemail.com",NULL,"karachi","IND","2023-01-21","999999"
301,"Sara Ahmed","user301@gmail.com","03100000301","Islamabad","Pakistan","2023-01-22","401"
302,"User 302","user302@gmail.com","03100000302","Islamabad","Pakistan","2023-01-23","402"
303,"User 303","user303@gmail.com","03100000303","Islamabad","Pakistan","2023-01-24","403"
304,"User 304","user304@gmail.com","03100000304","LAHORE","Pakistan","2023-01-25","404"
305,"User 305","user305@gmail.com","123-456-789","Islamabad","Pakistan","2023-01-26","405"
306,"User 306","test@test.com","03100000306","karachi","Pakistan","2023-01-27","abc"
307,"User 307","user307@gmail.com","03100000307","Islamabad","Pakistan","2023-01-28","407"
308,"Sara Ahmed","user308@gmail.com","03100000308","","Pakistan","2023-01-1","408"
309,"User 309","user309@gmail.com","03100000309","Islamabad","Pakistan","2023-01-2","409"
310,"  Ali Khan  ","user310@gmail.com","123-456-789","Islamabad","IND","2023-01-3","410"
311,"User 311","user311@gmail.com","03100000311","Islamabad","Pakistan","2023-01-4","411"
312,"User 312","user312@gmail.com",NULL,"karachi","Pakistan","12-05-2023","412"
313,"User 313","user313@gmail.com","03100000313","Islamabad","Pakistan","2023-01-6","413"
314,"User 314","user314@gmail.com","03100000314","Islamabad","Pakistan","2023-01-7","414"
315,"Sara Ahmed","invalidemail.com","123-456-789","Islamabad","Pakistan","2023-01-8","415"
316,"User 316","user316@gmail.com","03100000316","Islamabad","Pakistan","2023-01-9","416"
317,"User 317","user317@gmail.com","03100000317","Islamabad","Pakistan","2023-01-10","417"
318,"User 318","user318@gmail.com","03100000318","karachi","Pakistan","2023-01-11","418"
319,"User 319","user319@gmail.com","03100000319","","Pakistan","2023-01-12","419"
320,"  Ali Khan  ","user320@gmail.com","123-456-789","LAHORE","IND","2023-01-13","999999"
321,"User 321","user321@gmail.com","03100000321","Islamabad","Pakistan","2023-01-14","421"
322,"Sara Ahmed","user322@gmail.com","03100000322","Islamabad","Pakistan","2023-01-15","422"
323,"User 323","user323@gmail.com","03100000323","Islamabad","Pakistan","2023-01-16","abc"
324,"User 324","test@test.com",NULL,"karachi","Pakistan","2023-01-17","424"
325,"User 325","user325@gmail.com","123-456-789","Islamabad","Pakistan","12-05-2023","425"
326,"User 326","user326@gmail.com","03100000326","Islamabad","Pakistan","2023-01-19","426"
327,"User 327","user327@gmail.com","03100000327","Islamabad","Pakistan","2023-01-20","427"
328,"User 328","user328@gmail.com","03100000328","LAHORE","Pakistan","2023-01-21","428"
329,"Sara Ahmed","user329@gmail.com","03100000329","Islamabad","Pakistan","2023-01-22","429"
330,"  Ali Khan  ","invalidemail.com","123-456-789","karachi","IND","2023-01-23","430"
331,"User 331","user331@gmail.com","03100000331","Islamabad","Pakistan","2023-01-24","431"
332,"User 332","user332@gmail.com","03100000332","Islamabad","Pakistan","2023-01-25","432"
333,"User 333","test@test.com","03100000333","Islamabad","Pakistan","2023-01-26","433"
334,"User 334","user334@gmail.com","03100000334","Islamabad","Pakistan","2023-01-27","434"
335,"User 335","user335@gmail.com","123-456-789","Islamabad","Pakistan","2023-01-28","435"
336,"Sara Ahmed","user336@gmail.com",NULL,"karachi","Pakistan","2023-01-1","436"
337,"User 337","user337@gmail.com","03100000337","Islamabad","Pakistan","2023-01-2","437"
338,"User 338","user338@gmail.com","03100000338","Islamabad","Pakistan","12-05-2023","438"
339,"User 339","user339@gmail.com","03100000339","Islamabad","Pakistan","2023-01-4","439"
340,"  Ali Khan  ","user340@gmail.com","123-456-789","Islamabad","IND","2023-01-5","999999"
341,"User 341","user341@gmail.com","03100000341","","Pakistan","2023-01-6","441"
342,"User 342","test@test.com","03100000342","karachi","Pakistan","2023-01-7","442"
343,"Sara Ahmed","user343@gmail.com","03100000343","Islamabad","Pakistan","2023-01-8","443"
344,"User 344","user344@gmail.com","03100000344","LAHORE","Pakistan","2023-01-9","444"
345,"User 345","invalidemail.com","123-456-789","Islamabad","Pakistan","2023-01-10","445"
346,"User 346","user346@gmail.com","03100000346","Islamabad","Pakistan","2023-01-11","446"
347,"User 347","user347@gmail.com","03100000347","Islamabad","Pakistan","2023-01-12","447"
348,"User 348","user348@gmail.com",NULL,"karachi","Pakistan","2023-01-13","448"
349,"User 349","user349@gmail.com","03100000349","Islamabad","Pakistan","2023-01-14","449"
350,"  Ali Khan  ","user350@gmail.com","123-456-789","Islamabad","IND","2023-01-15","450"
351,"User 351","test@test.com","03100000351","Islamabad","Pakistan","12-05-2023","451"
352,"User 352","user352@gmail.com","03100000352","LAHORE","Pakistan","2023-01-17","452"
353,"User 353","user353@gmail.com","03100000353","Islamabad","Pakistan","2023-01-18","453"
354,"User 354","user354@gmail.com","03100000354","karachi","Pakistan","2023-01-19","454"
355,"User 355","user355@gmail.com","123-456-789","Islamabad","Pakistan","2023-01-20","455"
356,"User 356","user356@gmail.com","03100000356","Islamabad","Pakistan","2023-01-21","456"
357,"Sara Ahmed","user357@gmail.com","03100000357","Islamabad","Pakistan","2023-01-22","abc"
358,"User 358","user358@gmail.com","03100000358","Islamabad","Pakistan","2023-01-23","458"
359,"User 359","user359@gmail.com","03100000359","Islamabad","Pakistan","2023-01-24","459"
360,"  Ali Khan  ","invalidemail.com",NULL,"karachi","IND","2023-01-25","999999"
361,"User 361","user361@gmail.com","03100000361","Islamabad","Pakistan","2023-01-26","461"
362,"User 362","user362@gmail.com","03100000362","Islamabad","Pakistan","2023-01-27","462"
363,"User 363","user363@gmail.com","03100000363","","Pakistan","2023-01-28","463"
364,"Sara Ahmed","user364@gmail.com","03100000364","Islamabad","Pakistan","12-05-2023","464"
365,"User 365","user365@gmail.com","123-456-789","Islamabad","Pakistan","2023-01-2","465"
366,"User 366","user366@gmail.com","03100000366","karachi","Pakistan","2023-01-3","466"
367,"User 367","user367@gmail.com","03100000367","Islamabad","Pakistan","2023-01-4","467"
368,"User 368","user368@gmail.com","03100000368","LAHORE","Pakistan","2023-01-5","468"
369,"User 369","test@test.com","03100000369","Islamabad","Pakistan","2023-01-6","469"
370,"  Ali Khan  ","user370@gmail.com","123-456-789","Islamabad","IND","2023-01-7","470"
371,"Sara Ahmed","user371@gmail.com","03100000371","Islamabad","Pakistan","2023-01-8","471"
372,"User 372","user372@gmail.com",NULL,"karachi","Pakistan","2023-01-9","472"
373,"User 373","user373@gmail.com","03100000373","Islamabad","Pakistan","2023-01-10","473"
374,"User 374","user374@gmail.com","03100000374","","Pakistan","2023-01-11","abc"
375,"User 375","invalidemail.com","123-456-789","Islamabad","Pakistan","2023-01-12","475"
376,"User 376","user376@gmail.com","03100000376","LAHORE","Pakistan","2023-01-13","476"
377,"User 377","user377@gmail.com","03100000377","Islamabad","Pakistan","12-05-2023","477"
378,"Sara Ahmed","test@test.com","03100000378","karachi","Pakistan","2023-01-15","478"
379,"User 379","user379@gmail.com","03100000379","Islamabad","Pakistan","2023-01-16","479"
380,"  Ali Khan  ","user380@gmail.com","123-456-789","Islamabad","IND","2023-01-17","999999"
381,"User 381","user381@gmail.com","03100000381","Islamabad","Pakistan","2023-01-18","481"
382,"User 382","user382@gmail.com","03100000382","Islamabad","Pakistan","2023-01-19","482"
383,"User 383","user383@gmail.com","03100000383","Islamabad","Pakistan","2023-01-20","483"
384,"User 384","user384@gmail.com",NULL,"karachi","Pakistan","2023-01-21","484"
385,"Sara Ahmed","user385@gmail.com","123-456-789","","Pakistan","2023-01-22","485"
386,"User 386","user386@gmail.com","03100000386","Islamabad","Pakistan","2023-01-23","486"
387,"User 387","test@test.com","03100000387","Islamabad","Pakistan","2023-01-24","487"
388,"User 388","user388@gmail.com","03100000388","Islamabad","Pakistan","2023-01-25","488"
389,"User 389","user389@gmail.com","03100000389","Islamabad","Pakistan","2023-01-26","489"
390,"  Ali Khan  ","invalidemail.com","123-456-789","karachi","IND","12-05-2023","490"
391,"User 391","user391@gmail.com","03100000391","Islamabad","Pakistan","2023-01-28","abc"
392,"Sara Ahmed","user392@gmail.com","03100000392","LAHORE","Pakistan","2023-01-1","492"
393,"User 393","user393@gmail.com","03100000393","Islamabad","Pakistan","2023-01-2","493"
394,"User 394","user394@gmail.com","03100000394","Islamabad","Pakistan","2023-01-3","494"
395,"User 395","user395@gmail.com","123-456-789","Islamabad","Pakistan","2023-01-4","495"
396,"User 396","test@test.com",NULL,"karachi","Pakistan","2023-01-5","496"
397,"User 397","user397@gmail.com","03100000397","Islamabad","Pakistan","2023-01-6","497"
398,"User 398","user398@gmail.com","03100000398","Islamabad","Pakistan","2023-01-7","498"
399,"Sara Ahmed","user399@gmail.com","03100000399","Islamabad","Pakistan","2023-01-8","499"
400,"  Ali Khan  ","user400@gmail.com","123-456-789","LAHORE","IND","2023-01-9","999999"
401,"User 401","user401@gmail.com","03100000401","Islamabad","Pakistan","2023-01-10","501"
402,"User 402","user402@gmail.com","03100000402","karachi","Pakistan","2023-01-11","502"
403,"User 403","user403@gmail.com","03100000403","Islamabad","Pakistan","12-05-2023","503"
404,"User 404","user404@gmail.com","03100000404","Islamabad","Pakistan","2023-01-13","504"
405,"User 405","invalidemail.com","123-456-789","Islamabad","Pakistan","2023-01-14","505"
406,"Sara Ahmed","user406@gmail.com","03100000406","Islamabad","Pakistan","2023-01-15","506"
407,"User 407","user407@gmail.com","03100000407","","Pakistan","2023-01-16","507"
408,"User 408","user408@gmail.com",NULL,"karachi","Pakistan","2023-01-17","abc"
409,"User 409","user409@gmail.com","03100000409","Islamabad","Pakistan","2023-01-18","509"
410,"  Ali Khan  ","user410@gmail.com","123-456-789","Islamabad","IND","2023-01-19","510"
411,"User 411","user411@gmail.com","03100000411","Islamabad","Pakistan","2023-01-20","511"
412,"User 412","user412@gmail.com","03100000412","Islamabad","Pakistan","2023-01-21","512"
413,"Sara Ahmed","user413@gmail.com","03100000413","Islamabad","Pakistan","2023-01-22","513"
414,"User 414","test@test.com","03100000414","karachi","Pakistan","2023-01-23","514"
415,"User 415","user415@gmail.com","123-456-789","Islamabad","Pakistan","2023-01-24","515"
416,"User 416","user416@gmail.com","03100000416","LAHORE","Pakistan","12-05-2023","516"
417,"User 417","user417@gmail.com","03100000417","Islamabad","Pakistan","2023-01-26","517"
418,"User 418","user418@gmail.com","03100000418","","Pakistan","2023-01-27","518"
419,"User 419","user419@gmail.com","03100000419","Islamabad","Pakistan","2023-01-28","519"
420,"  Ali Khan  ","invalidemail.com",NULL,"karachi","IND","2023-01-1","999999"
421,"User 421","user421@gmail.com","03100000421","Islamabad","Pakistan","2023-01-2","521"
422,"User 422","user422@gmail.com","03100000422","Islamabad","Pakistan","2023-01-3","522"
423,"User 423","test@test.com","03100000423","Islamabad","Pakistan","2023-01-4","523"
424,"User 424","user424@gmail.com","03100000424","LAHORE","Pakistan","2023-01-5","524"
425,"User 425","user425@gmail.com","123-456-789","Islamabad","Pakistan","2023-01-6","abc"
426,"User 426","user426@gmail.com","03100000426","karachi","Pakistan","2023-01-7","526"
427,"Sara Ahmed","user427@gmail.com","03100000427","Islamabad","Pakistan","2023-01-8","527"
428,"User 428","user428@gmail.com","03100000428","Islamabad","Pakistan","2023-01-9","528"
429,"User 429","user429@gmail.com","03100000429","","Pakistan","12-05-2023","529"
430,"  Ali Khan  ","user430@gmail.com","123-456-789","Islamabad","IND","2023-01-11","530"
431,"User 431","user431@gmail.com","03100000431","Islamabad","Pakistan","2023-01-12","531"
432,"User 432","test@test.com",NULL,"karachi","Pakistan","2023-01-13","532"
433,"User 433","user433@gmail.com","03100000433","Islamabad","Pakistan","2023-01-14","533"
434,"Sara Ahmed","user434@gmail.com","03100000434","Islamabad","Pakistan","2023-01-15","534"
435,"User 435","invalidemail.com","123-456-789","Islamabad","Pakistan","2023-01-16","535"
436,"User 436","user436@gmail.com","03100000436","Islamabad","Pakistan","2023-01-17","536"
437,"User 437","user437@gmail.com","03100000437","Islamabad","Pakistan","2023-01-18","537"
438,"User 438","user438@gmail.com","03100000438","karachi","Pakistan","2023-01-19","538"
439,"User 439","user439@gmail.com","03100000439","Islamabad","Pakistan","2023-01-20","539"
440,"  Ali Khan  ","user440@gmail.com","123-456-789","LAHORE","IND","2023-01-21","999999"
441,"Sara Ahmed","test@test.com","03100000441","Islamabad","Pakistan","2023-01-22","541"
442,"User 442","user442@gmail.com","03100000442","Islamabad","Pakistan","12-05-2023","abc"
443,"User 443","user443@gmail.com","03100000443","Islamabad","Pakistan","2023-01-24","543"
444,"User 444","user444@gmail.com",NULL,"karachi","Pakistan","2023-01-25","544"
445,"User 445","user445@gmail.com","123-456-789","Islamabad","Pakistan","2023-01-26","545"
446,"User 446","user446@gmail.com","03100000446","Islamabad","Pakistan","2023-01-27","546"
447,"User 447","user447@gmail.com","03100000447","Islamabad","Pakistan","2023-01-28","547"
448,"Sara Ahmed","user448@gmail.com","03100000448","LAHORE","Pakistan","2023-01-1","548"
449,"User 449","user449@gmail.com","03100000449","Islamabad","Pakistan","2023-01-2","549"
450,"  Ali Khan  ","invalidemail.com","123-456-789","karachi","IND","2023-01-3","550"
451,"User 451","user451@gmail.com","03100000451","","Pakistan","2023-01-4","551"
452,"User 452","user452@gmail.com","03100000452","Islamabad","Pakistan","2023-01-5","552"
453,"User 453","user453@gmail.com","03100000453","Islamabad","Pakistan","2023-01-6","553"
454,"User 454","user454@gmail.com","03100000454","Islamabad","Pakistan","2023-01-7","554"
455,"Sara Ahmed","user455@gmail.com","123-456-789","Islamabad","Pakistan","12-05-2023","555"
456,"User 456","user456@gmail.com",NULL,"karachi","Pakistan","2023-01-9","556"
457,"User 457","user457@gmail.com","03100000457","Islamabad","Pakistan","2023-01-10","557"
458,"User 458","user458@gmail.com","03100000458","Islamabad","Pakistan","2023-01-11","558"
459,"User 459","test@test.com","03100000459","Islamabad","Pakistan","2023-01-12","abc"
460,"  Ali Khan  ","user460@gmail.com","123-456-789","Islamabad","IND","2023-01-13","999999"
461,"User 461","user461@gmail.com","03100000461","Islamabad","Pakistan","2023-01-14","561"
462,"Sara Ahmed","user462@gmail.com","03100000462","karachi","Pakistan","2023-01-15","562"
463,"User 463","user463@gmail.com","03100000463","Islamabad","Pakistan","2023-01-16","563"
464,"User 464","user464@gmail.com","03100000464","LAHORE","Pakistan","2023-01-17","564"
465,"User 465","invalidemail.com","123-456-789","Islamabad","Pakistan","2023-01-18","565"
466,"User 466","user466@gmail.com","03100000466","Islamabad","Pakistan","2023-01-19","566"
467,"User 467","user467@gmail.com","03100000467","Islamabad","Pakistan","2023-01-20","567"
468,"User 468","test@test.com",NULL,"karachi","Pakistan","12-05-2023","568"
469,"Sara Ahmed","user469@gmail.com","03100000469","Islamabad","Pakistan","2023-01-22","569"
470,"  Ali Khan  ","user470@gmail.com","123-456-789","Islamabad","IND","2023-01-23","570"
471,"User 471","user471@gmail.com","03100000471","Islamabad","Pakistan","2023-01-24","571"
472,"User 472","user472@gmail.com","03100000472","LAHORE","Pakistan","2023-01-25","572"
473,"User 473","user473@gmail.com","03100000473","","Pakistan","2023-01-26","573"
474,"User 474","user474@gmail.com","03100000474","karachi","Pakistan","2023-01-27","574"
475,"User 475","user475@gmail.com","123-456-789","Islamabad","Pakistan","2023-01-28","575"
476,"Sara Ahmed","user476@gmail.com","03100000476","Islamabad","Pakistan","2023-01-1","abc"
477,"User 477","test@test.com","03100000477","Islamabad","Pakistan","2023-01-2","577"
478,"User 478","user478@gmail.com","03100000478","Islamabad","Pakistan","2023-01-3","578"
479,"User 479","user479@gmail.com","03100000479","Islamabad","Pakistan","2023-01-4","579"
480,"  Ali Khan  ","invalidemail.com",NULL,"karachi","IND","2023-01-5","999999"
481,"User 481","user481@gmail.com","03100000481","Islamabad","Pakistan","12-05-2023","581"
482,"User 482","user482@gmail.com","03100000482","Islamabad","Pakistan","2023-01-7","582"
483,"Sara Ahmed","user483@gmail.com","03100000483","Islamabad","Pakistan","2023-01-8","583"
484,"User 484","user484@gmail.com","03100000484","","Pakistan","2023-01-9","584"
485,"User 485","user485@gmail.com","123-456-789","Islamabad","Pakistan","2023-01-10","585"
486,"User 486","test@test.com","03100000486","karachi","Pakistan","2023-01-11","586"
487,"User 487","user487@gmail.com","03100000487","Islamabad","Pakistan","2023-01-12","587"
488,"User 488","user488@gmail.com","03100000488","LAHORE","Pakistan","2023-01-13","588"
489,"User 489","user489@gmail.com","03100000489","Islamabad","Pakistan","2023-01-14","589"
490,"  Ali Khan  ","user490@gmail.com","123-456-789","Islamabad","IND","2023-01-15","590"
491,"User 491","user491@gmail.com","03100000491","Islamabad","Pakistan","2023-01-16","591"
492,"User 492","user492@gmail.com",NULL,"karachi","Pakistan","2023-01-17","592"
493,"User 493","user493@gmail.com","03100000493","Islamabad","Pakistan","2023-01-18","abc"
494,"User 494","user494@gmail.com","03100000494","Islamabad","Pakistan","12-05-2023","594"
495,"User 495","invalidemail.com","123-456-789","","Pakistan","2023-01-20","595"
496,"User 496","user496@gmail.com","03100000496","LAHORE","Pakistan","2023-01-21","596"
497,"Sara Ahmed","user497@gmail.com","03100000497","Islamabad","Pakistan","2023-01-22","597"
498,"User 498","user498@gmail.com","03100000498","karachi","Pakistan","2023-01-23","598"
499,"User 499","user499@gmail.com","03100000499","Islamabad","Pakistan","2023-01-24","599"
500,"  Ali Khan  ","user500@gmail.com","123-456-789","Islamabad","IND","2023-01-25","999999"
